sampleID	laneID	genotype0	genotype1	genotype2	genotype3
organoids7090723	1	A			
organoids7090724	2	D			
organoids7090725	3	A			
organoids7090726	4	A			
organoids7090727	5	D			
organoids7090728	6	D			
organoids7090729	7	A			
organoids7090730	8	A			
organoids7090731	9	D			
organoids7090732	10	D			
WSSS_END8729879	11	B19	B44		
WSSS_END8729880	11	B44	B19		
WSSS_END8729881	11	B19			
WSSS_END8729882	11	B19	B44		
WSSS_END8729975	11	B44	B19		
WSSS_END8729976	11	B19	B44		
WSSS_END8729977	11	B19	B44		
WSSS_END8729978	11	B19	B44		
WSSS_END8729979	11	B44	B19		
WSSS_END8729980	11	B19	B44		
WSSS_END8729981	11	B44	B19		
WSSS_END8729982	11	B44	B19		
WSSS_END8729983	11	B19	B44		
WSSS_END8729984	11	B19	B44		
WSSS_END8729985	11	B44	B19		
WSSS_END8730071	11	B44	B19		
WSSS_END8730167	11	B44	B19		
WSSS_END8730168	11	B19	B44		
WSSS_END8730169	11	B44	B19		
WSSS_END8730170	11	B19	B44		
WSSS_END8730171	11	B19	B44		
WSSS_END8730172	11	B44	B19		
WSSS_END8730173	11	B44	B19		
WSSS_END8730174	11	B44	B19		
WSSS_END8730263	11	B19	B44		
WSSS_END8730264	11	B19	B44		
WSSS_END8730359	11	B44	B19		
WSSS_END8730455	11	B19	B44		
WSSS_END8730456	11	B44	B19		
WSSS_END8730457	11	B44	B19		
WSSS_END8730458	11	B19	B44		
WSSS_END8730459	11	B44	B19		
WSSS_END8730460	11	B44	B19		
WSSS_END8730461	11	B19	B44		
WSSS_END8730462	11	B44	B19		
WSSS_END8730551	11	B19	B44		
WSSS_END8730552	11	B19	B44		
WSSS_END9263313	12	B19	B44	U1	U2
WSSS_END9263314	12	B19	U1	U2	B44
WSSS_END9263315	12	U1	B44	B19	U2
WSSS_END9263316	12	B44	B19	U2	U1
WSSS_END9263317	12	B44	U2	B19	U1
